matchTime,profile,name,team,win,scoreA,scoreB,kills,deaths,
2026-04-30 00:02:00 GMT,https://steamcommunity.com/id/Gutze,gangstarr,A,1,13,6,38,9
2026-04-30 00:02:00 GMT,https://steamcommunity.com/profiles/76561198054136932,Lampião,A,1,13,6,14,11
2026-04-30 00:02:00 GMT,https://steamcommunity.com/profiles/76561198859099346,s0rry,A,1,13,6,11,9
2026-04-30 00:02:00 GMT,https://steamcommunity.com/id/pedropaetzhold,Pedrão,A,1,13,6,10,12
2026-04-30 00:02:00 GMT,https://steamcommunity.com/profiles/76561198253002806,Bz1,A,1,13,6,7,10
2026-04-30 00:02:00 GMT,https://steamcommunity.com/id/traincsgo,Train!,B,0,13,6,19,15
2026-04-30 00:02:00 GMT,https://steamcommunity.com/id/prnzika,leif,B,0,13,6,10,18
2026-04-30 00:02:00 GMT,https://steamcommunity.com/id/batzin,tineném,B,0,13,6,8,15
2026-04-30 00:02:00 GMT,https://steamcommunity.com/profiles/76561199230166436,fait,B,0,13,6,8,15
2026-04-30 00:02:00 GMT,https://steamcommunity.com/id/gbernardon,Berna o cara ideal,B,0,13,6,5,17
2026-04-29 15:43:45 GMT,https://steamcommunity.com/id/Gutze,gangstarr,A,1,16,12,38,18,
2026-04-29 15:43:45 GMT,https://steamcommunity.com/id/batzin,tineném,A,1,16,12,20,18,
2026-04-29 15:43:45 GMT,https://steamcommunity.com/profiles/76561198253002806,Bz1,A,1,16,12,18,22,
2026-04-29 15:43:45 GMT,https://steamcommunity.com/profiles/76561198347726070,Calvinho2.0,A,1,16,12,19,18,
2026-04-29 15:43:45 GMT,https://steamcommunity.com/id/pedropaetzhold,Pedrão,A,1,16,12,14,19,
2026-04-29 15:43:45 GMT,https://steamcommunity.com/id/traincsgo,Train!,B,0,16,12,30,22,
2026-04-29 15:43:45 GMT,https://steamcommunity.com/id/prnzika,leif,B,0,16,12,15,20,
2026-04-29 15:43:45 GMT,https://steamcommunity.com/profiles/76561198390491151,Turner.SKINS,B,0,16,12,17,19,
2026-04-29 15:43:45 GMT,https://steamcommunity.com/profiles/76561198859099346,s0rry,B,0,16,12,16,23,
2026-04-29 15:43:45 GMT,https://steamcommunity.com/id/gbrito660,GB,B,0,16,12,13,26,
2026-04-28 00:42:09 GMT,https://steamcommunity.com/id/traincsgo,Train!,A,1,13,11,27,16,
2026-04-28 00:42:09 GMT,https://steamcommunity.com/profiles/76561198253002806,Bz1,A,1,13,11,15,17,
2026-04-28 00:42:09 GMT,https://steamcommunity.com/id/gbrito660,GB,A,1,13,11,14,17,
2026-04-28 00:42:09 GMT,https://steamcommunity.com/id/Monkey033,᲼,A,1,13,11,16,18,
2026-04-28 00:42:09 GMT,https://steamcommunity.com/profiles/76561198859099346,s0rry,A,1,13,11,8,20,
2026-04-28 00:42:09 GMT,https://steamcommunity.com/id/prnzika,leif,B,0,13,11,24,19,
2026-04-28 00:42:09 GMT,https://steamcommunity.com/id/darkbakod,Black$Fox,B,0,13,11,19,16,
2026-04-28 00:42:09 GMT,https://steamcommunity.com/id/batzin,tineném,B,0,13,11,20,14,
2026-04-28 00:42:09 GMT,https://steamcommunity.com/id/pedropaetzhold,Pedrão,B,0,13,11,12,17,
2026-04-28 00:42:09 GMT,https://steamcommunity.com/profiles/76561198347726070,Calvinho2.0,B,0,13,11,13,16,
2026-04-28 00:05:49 GMT,https://steamcommunity.com/id/traincsgo,Train!,A,1,13,4,20,11,
2026-04-28 00:05:49 GMT,https://steamcommunity.com/profiles/76561198859099346,s0rry,A,1,13,4,17,8,
2026-04-28 00:05:49 GMT,https://steamcommunity.com/id/gbrito660,GB,A,1,13,4,13,12,
2026-04-28 00:05:49 GMT,https://steamcommunity.com/id/darkbakod,Black$Fox,A,1,13,4,14,8,
2026-04-28 00:05:49 GMT,https://steamcommunity.com/id/Monkey033,᲼,A,1,13,4,9,9,
2026-04-28 00:05:49 GMT,https://steamcommunity.com/profiles/76561198253002806,Bz1,B,0,13,4,11,14,
2026-04-28 00:05:49 GMT,https://steamcommunity.com/id/prnzika,leif,B,0,13,4,11,15,
2026-04-28 00:05:49 GMT,https://steamcommunity.com/id/pedropaetzhold,Pedrão,B,0,13,4,11,15,
2026-04-28 00:05:49 GMT,https://steamcommunity.com/id/batzin,tineném,B,0,13,4,6,15,
2026-04-28 00:05:49 GMT,https://steamcommunity.com/profiles/76561198347726070,Calvinho2.0,B,0,13,4,8,15,
2026-04-27 23:31:44 GMT,https://steamcommunity.com/id/pedropaetzhold,Pedrão,A,1,13,2,19,6,
2026-04-27 23:31:44 GMT,https://steamcommunity.com/id/prnzika,leif,A,1,13,2,13,9,
2026-04-27 23:31:44 GMT,https://steamcommunity.com/id/gbrito660,GB,A,1,13,2,11,9,
2026-04-27 23:31:44 GMT,https://steamcommunity.com/profiles/76561198253002806,Bz1,A,1,13,2,12,6,
2026-04-27 23:31:44 GMT,https://steamcommunity.com/id/batzin,tineném,A,1,13,2,8,9,
2026-04-27 23:31:44 GMT,https://steamcommunity.com/id/darkbakod,Black$Fox,B,0,13,2,9,12,
2026-04-27 23:31:44 GMT,https://steamcommunity.com/profiles/76561198859099346,s0rry,B,0,13,2,9,13,
2026-04-27 23:31:44 GMT,https://steamcommunity.com/id/traincsgo,Train!,B,0,13,2,8,13,
2026-04-27 23:31:44 GMT,https://steamcommunity.com/id/Monkey033,᲼,B,0,13,2,6,13,
2026-04-27 23:31:44 GMT,https://steamcommunity.com/profiles/76561198347726070,Calvinho2.0,B,0,13,2,6,12,
2026-04-26 23:45:47 GMT,https://steamcommunity.com/id/Gutze,gangstarr,A,0,14,16,34,21,
2026-04-26 23:45:47 GMT,https://steamcommunity.com/id/Monkey033,Lampião,A,0,14,16,23,24,
2026-04-26 23:45:47 GMT,https://steamcommunity.com/id/prnzika,leif,A,0,14,16,23,23,
2026-04-26 23:45:47 GMT,https://steamcommunity.com/profiles/76561198347726070,Calvinho2.0,A,0,14,16,14,24,
2026-04-26 23:45:47 GMT,https://steamcommunity.com/id/gbernardon,Berna o cara ideal,A,0,14,16,12,23,
2026-04-26 23:45:47 GMT,https://steamcommunity.com/id/traincsgo,Train!,B,1,14,16,35,19,
2026-04-26 23:45:47 GMT,https://steamcommunity.com/id/batzin,tineném,B,1,14,16,23,20,
2026-04-26 23:45:47 GMT,https://steamcommunity.com/profiles/76561198253002806,Bz1,B,1,14,16,19,22,
2026-04-26 23:45:47 GMT,https://steamcommunity.com/id/darkbakod,Black$Fox,B,1,14,16,16,23,
2026-04-26 23:45:47 GMT,https://steamcommunity.com/id/gbrito660,GB,B,1,14,16,18,23,
2026-04-26 22:50:59 GMT,https://steamcommunity.com/id/Gutze,gangstarr,A,1,16,14,25,20,
2026-04-26 22:50:59 GMT,https://steamcommunity.com/id/prnzika,leif,A,1,16,14,28,25,
2026-04-26 22:50:59 GMT,https://steamcommunity.com/id/Monkey033,Lampião,A,1,16,14,22,18,
2026-04-26 22:50:59 GMT,https://steamcommunity.com/profiles/76561198347726070,Calvinho2.0,A,1,16,14,12,22,
2026-04-26 22:50:59 GMT,https://steamcommunity.com/id/gbernardon,Berna o cara ideal,A,1,16,14,12,27,
2026-04-26 22:50:59 GMT,https://steamcommunity.com/id/traincsgo,Train!,B,0,16,14,31,20,
2026-04-26 22:50:59 GMT,https://steamcommunity.com/id/batzin,tineném,B,0,16,14,32,18,
2026-04-26 22:50:59 GMT,https://steamcommunity.com/profiles/76561198253002806,Bz1,B,0,16,14,19,21,
2026-04-26 22:50:59 GMT,https://steamcommunity.com/id/gbrito660,GB,B,0,16,14,17,21,
2026-04-26 22:50:59 GMT,https://steamcommunity.com/id/darkbakod,Black$Fox,B,0,16,14,13,19,
2026-04-25 21:17:08 GMT,https://steamcommunity.com/id/Gutze,gangstarr,A,1,13,6,22,12,
2026-04-25 21:17:08 GMT,https://steamcommunity.com/id/lenonicyx,icyx,A,1,13,6,20,12,
2026-04-25 21:17:08 GMT,https://steamcommunity.com/profiles/76561199334202663,mestre ensinador,A,1,13,6,17,10,
2026-04-25 21:17:08 GMT,https://steamcommunity.com/id/Monkey033,᲼,A,1,13,6,15,13,
2026-04-25 21:17:08 GMT,https://steamcommunity.com/profiles/76561198347726070,Calvinho2.0,A,1,13,6,7,14,
2026-04-25 21:17:08 GMT,https://steamcommunity.com/id/darkbakod,Black$Fox,B,0,13,6,16,14,
2026-04-25 21:17:08 GMT,https://steamcommunity.com/profiles/76561198054136932,Lampião,B,0,13,6,13,16,
2026-04-25 21:17:08 GMT,https://steamcommunity.com/profiles/76561198253002806,Bz1,B,0,13,6,11,18,
2026-04-25 21:17:08 GMT,https://steamcommunity.com/id/traincsgo,Train!,B,0,13,6,11,15,
2026-04-25 21:17:08 GMT,https://steamcommunity.com/id/batzin,tineném,B,0,13,6,10,18,
2026-04-25 20:20:35 GMT,https://steamcommunity.com/id/lenonicyx,icyx,A,0,9,13,19,13,
2026-04-25 20:20:35 GMT,https://steamcommunity.com/id/LucasFanton,fanton,A,0,9,13,18,16,
2026-04-25 20:20:35 GMT,https://steamcommunity.com/profiles/76561198321565130,Jato a Gato,A,0,9,13,16,17,
2026-04-25 20:20:35 GMT,https://steamcommunity.com/profiles/76561198347726070,Calvinho2.0,A,0,9,13,10,15,
2026-04-25 20:20:35 GMT,https://steamcommunity.com/id/gbernardon,Berna o cara ideal,A,0,9,13,9,17,
2026-04-25 20:20:35 GMT,https://steamcommunity.com/id/darkbakod,Black$Fox,B,1,9,13,24,11,
2026-04-25 20:20:35 GMT,https://steamcommunity.com/profiles/76561199334202663,mestre ensinador,B,1,9,13,14,15,
2026-04-25 20:20:35 GMT,https://steamcommunity.com/id/Monkey033,᲼,B,1,9,13,13,16,
2026-04-25 20:20:35 GMT,https://steamcommunity.com/id/batzin,tineném,B,1,9,13,11,14,
2026-04-25 20:20:35 GMT,https://steamcommunity.com/profiles/76561198054136932,Lampião,B,1,9,13,15,16,
2026-04-25 19:53:06 GMT,https://steamcommunity.com/profiles/76561198321565130,Jato a Gato,A,1,13,4,26,8,
2026-04-25 19:53:06 GMT,https://steamcommunity.com/id/lenonicyx,icyx,A,1,13,4,16,7,
2026-04-25 19:53:06 GMT,https://steamcommunity.com/profiles/76561198347726070,Calvinho2.0,A,1,13,4,13,9,
2026-04-25 19:53:06 GMT,https://steamcommunity.com/id/batzin,tineném,A,1,13,4,12,11,
2026-04-25 19:53:06 GMT,https://steamcommunity.com/id/LucasFanton,fanton,A,1,13,4,8,9,
2026-04-25 19:53:06 GMT,https://steamcommunity.com/id/darkbakod,Black$Fox,B,0,13,4,16,15,
2026-04-25 19:53:06 GMT,https://steamcommunity.com/id/Monkey033,᲼,B,0,13,4,9,16,
2026-04-25 19:53:06 GMT,https://steamcommunity.com/profiles/76561198054136932,Lampião,B,0,13,4,8,15,
2026-04-25 19:53:06 GMT,https://steamcommunity.com/profiles/76561199334202663,mestre ensinador,B,0,13,4,7,14,
2026-04-25 19:53:06 GMT,https://steamcommunity.com/id/gbernardon,Berna o cara ideal,B,0,13,4,3,15,
2026-04-21 01:03:40 GMT,https://steamcommunity.com/profiles/76561198253002806,Bz1,A,0,11,13,22,15,
2026-04-21 01:03:40 GMT,https://steamcommunity.com/id/gbrito660,GB,A,0,11,13,17,18,
2026-04-21 01:03:40 GMT,https://steamcommunity.com/id/lenonicyx,icyx,A,0,11,13,16,17,
2026-04-21 01:03:40 GMT,https://steamcommunity.com/profiles/76561198347726070,Calvinho2.0,A,0,11,13,15,15,
2026-04-21 01:03:40 GMT,https://steamcommunity.com/id/Wander_Saraiva,Wander Saraiva,A,0,11,13,14,16,
2026-04-21 01:03:40 GMT,https://steamcommunity.com/id/prnzika,leif,B,1,11,13,26,16,
2026-04-21 01:03:40 GMT,https://steamcommunity.com/profiles/76561199755677188,westeye SKINS,B,1,11,13,18,17,
2026-04-21 01:03:40 GMT,https://steamcommunity.com/profiles/76561198095481552,Luiz Espalha Lixo,B,1,11,13,15,16,
2026-04-21 01:03:40 GMT,https://steamcommunity.com/id/darkbakod,Black$Fox,B,1,11,13,14,19,
2026-04-21 01:03:40 GMT,https://steamcommunity.com/id/gbernardon,Berna o cara ideal,B,1,11,13,7,19,
2026-04-21 00:16:12 GMT,https://steamcommunity.com/id/prnzika,leif,A,0,8,13,19,18,
2026-04-21 00:16:12 GMT,https://steamcommunity.com/profiles/76561198253002806,Bz1,A,0,8,13,14,17,
2026-04-21 00:16:12 GMT,https://steamcommunity.com/profiles/76561198347726070,Calvinho2.0,A,0,8,13,11,17,
2026-04-21 00:16:12 GMT,https://steamcommunity.com/id/Wander_Saraiva,Wander Saraiva,A,0,8,13,10,18,
2026-04-21 00:16:12 GMT,https://steamcommunity.com/id/lenonicyx,icyx,A,0,8,13,10,17,
2026-04-21 00:16:12 GMT,https://steamcommunity.com/id/darkbakod,Black$Fox,B,1,8,13,23,13,
2026-04-21 00:16:12 GMT,https://steamcommunity.com/id/gbernardon,Berna o cara ideal,B,1,8,13,16,16,
2026-04-21 00:16:12 GMT,https://steamcommunity.com/id/gbrito660,GB,B,1,8,13,18,12,
2026-04-21 00:16:12 GMT,https://steamcommunity.com/profiles/76561198095481552,Luiz Espalha Lixo,B,1,8,13,15,11,
2026-04-21 00:16:12 GMT,https://steamcommunity.com/profiles/76561199755677188,westeye SKINS,B,1,8,13,13,15,
2026-04-14 00:28:20 GMT,https://steamcommunity.com/id/batzin,tineném,A,0,5,13,20,15,
2026-04-14 00:28:20 GMT,https://steamcommunity.com/id/Gutze,gangstarr,A,0,5,13,13,14,
2026-04-14 00:28:20 GMT,https://steamcommunity.com/id/lenonicyx,icyx,A,0,5,13,8,15,
2026-04-14 00:28:20 GMT,https://steamcommunity.com/profiles/76561198347726070,Calvinho2.0,A,0,5,13,7,16,
2026-04-14 00:28:20 GMT,https://steamcommunity.com/id/gbernardon,Berna o cara ideal,A,0,5,13,3,16,
2026-04-14 00:28:20 GMT,https://steamcommunity.com/profiles/76561198253002806,Bz1,B,1,5,13,21,8,
2026-04-14 00:28:20 GMT,https://steamcommunity.com/id/gbrito660,GB,B,1,5,13,19,13,
2026-04-14 00:28:20 GMT,https://steamcommunity.com/id/prnzika,leif,B,1,5,13,17,13,
2026-04-14 00:28:20 GMT,https://steamcommunity.com/id/darkbakod,Black$Fox,B,1,5,13,11,9,
2026-04-14 00:28:20 GMT,https://steamcommunity.com/profiles/76561198054136932,Lampião,B,1,5,13,8,9,
2026-04-13 23:51:35 GMT,https://steamcommunity.com/id/Gutze,gangstarr,A,0,7,13,26,18,
2026-04-13 23:51:35 GMT,https://steamcommunity.com/id/batzin,tineném,A,0,7,13,16,16,
2026-04-13 23:51:35 GMT,https://steamcommunity.com/profiles/76561198347726070,Calvinho2.0,A,0,7,13,11,17,
2026-04-13 23:51:35 GMT,https://steamcommunity.com/id/lenonicyx,icyx,A,0,7,13,8,19,
2026-04-13 23:51:35 GMT,https://steamcommunity.com/id/gbernardon,Berna o cara ideal,A,0,7,13,4,18,
2026-04-13 23:51:35 GMT,https://steamcommunity.com/profiles/76561198253002806,Bz1,B,1,7,13,24,13,
2026-04-13 23:51:35 GMT,https://steamcommunity.com/profiles/76561198054136932,Lampião,B,1,7,13,18,12,
2026-04-13 23:51:35 GMT,https://steamcommunity.com/id/gbrito660,GB,B,1,7,13,17,13,
2026-04-13 23:51:35 GMT,https://steamcommunity.com/id/prnzika,leif,B,1,7,13,16,15,
2026-04-13 23:51:35 GMT,https://steamcommunity.com/id/darkbakod,Black$Fox,B,1,7,13,11,13,
2026-04-13 23:08:54 GMT,https://steamcommunity.com/id/Gutze,gangstarr,A,1,13,7,29,13,
2026-04-13 23:08:54 GMT,https://steamcommunity.com/id/batzin,tineném,A,1,13,7,22,9,
2026-04-13 23:08:54 GMT,https://steamcommunity.com/id/lenonicyx,icyx,A,1,13,7,14,13,
2026-04-13 23:08:54 GMT,https://steamcommunity.com/profiles/76561198347726070,Calvinho2.0,A,1,13,7,10,10,
2026-04-13 23:08:54 GMT,https://steamcommunity.com/id/gbernardon,Berna o cara ideal,A,1,13,7,6,15,
2026-04-13 23:08:54 GMT,https://steamcommunity.com/id/prnzika,leif,B,0,13,7,14,17,
2026-04-13 23:08:54 GMT,https://steamcommunity.com/profiles/76561198054136932,Lampião,B,0,13,7,13,16,
2026-04-13 23:08:54 GMT,https://steamcommunity.com/profiles/76561198253002806,Bz1,B,0,13,7,11,17,
2026-04-13 23:08:54 GMT,https://steamcommunity.com/id/darkbakod,Black$Fox,B,0,13,7,10,15,
2026-04-13 23:08:54 GMT,https://steamcommunity.com/id/gbrito660,GB,B,0,13,7,11,18,
2026-04-13 00:02:28 GMT,https://steamcommunity.com/id/Gutze,gangstarr,A,1,13,4,25,10,
2026-04-13 00:02:28 GMT,https://steamcommunity.com/profiles/76561198054136932,Lampião,A,1,13,4,17,12,
2026-04-13 00:02:28 GMT,https://steamcommunity.com/profiles/76561199334202663,mestre ensinador,A,1,13,4,14,10,
2026-04-13 00:02:28 GMT,https://steamcommunity.com/profiles/76561198347726070,Calvinho2.0,A,1,13,4,12,9,
2026-04-13 00:02:28 GMT,https://steamcommunity.com/id/gbrito660,GB,A,1,13,4,8,11,
2026-04-13 00:02:28 GMT,https://steamcommunity.com/id/prnzika,leif,B,0,13,4,15,16,
2026-04-13 00:02:28 GMT,https://steamcommunity.com/id/darkbakod,Black$Fox,B,0,13,4,11,15,
2026-04-13 00:02:28 GMT,https://steamcommunity.com/id/lenonicyx,icyx,B,0,13,4,10,15,
2026-04-13 00:02:28 GMT,https://steamcommunity.com/profiles/76561198253002806,Bz1,B,0,13,4,9,15,
2026-04-13 00:02:28 GMT,https://steamcommunity.com/id/gbernardon,Berna o cara ideal,B,0,13,4,5,16,
2026-04-12 23:19:50 GMT,https://steamcommunity.com/id/Gutze,gangstarr,A,1,13,10,31,13,
2026-04-12 23:19:50 GMT,https://steamcommunity.com/id/gbrito660,GB,A,1,13,10,19,15,
2026-04-12 23:19:50 GMT,https://steamcommunity.com/profiles/76561199334202663,mestre ensinador,A,1,13,10,21,14,
2026-04-12 23:19:50 GMT,https://steamcommunity.com/profiles/76561198054136932,Lampião,A,1,13,10,15,18,
2026-04-12 23:19:50 GMT,https://steamcommunity.com/profiles/76561198347726070,Calvinho2.0,A,1,13,10,9,15,
2026-04-12 23:19:50 GMT,https://steamcommunity.com/id/prnzika,leif,B,0,13,10,23,19,
2026-04-12 23:19:50 GMT,https://steamcommunity.com/profiles/76561198253002806,Bz1,B,0,13,10,21,19,
2026-04-12 23:19:50 GMT,https://steamcommunity.com/id/darkbakod,Black$Fox,B,0,13,10,18,19,
2026-04-12 23:19:50 GMT,https://steamcommunity.com/id/gbernardon,Berna o cara ideal,B,0,13,10,8,22,
2026-04-12 23:19:50 GMT,https://steamcommunity.com/id/lenonicyx,icyx,B,0,13,10,5,16,